dataset,sample_index,label,mean_probity-logreg_l24
alpaca,1,honest,
alpaca,2,honest,
alpaca,3,honest,
alpaca,4,honest,
alpaca,5,honest,
alpaca,6,honest,
alpaca,7,honest,
alpaca,8,honest,
alpaca,9,honest,
alpaca,10,honest,
alpaca,11,honest,
alpaca,12,honest,
alpaca,13,honest,
alpaca,14,honest,
alpaca,15,honest,
alpaca,16,honest,
alpaca,17,honest,
alpaca,18,honest,
alpaca,19,honest,
alpaca,20,honest,
alpaca,21,honest,
alpaca,22,honest,
alpaca,23,honest,
alpaca,24,honest,
alpaca,25,honest,
alpaca,26,honest,
alpaca,27,honest,
alpaca,28,honest,
alpaca,29,honest,
alpaca,30,honest,
alpaca,31,honest,
alpaca,32,honest,
alpaca,33,honest,
alpaca,34,honest,
alpaca,35,honest,
alpaca,36,honest,
alpaca,37,honest,
alpaca,38,honest,
alpaca,39,honest,
alpaca,40,honest,
alpaca,41,honest,
alpaca,42,honest,
alpaca,43,honest,
alpaca,44,honest,
alpaca,45,honest,
alpaca,46,honest,
alpaca,47,honest,
alpaca,48,honest,
alpaca,49,honest,
alpaca,50,honest,
alpaca,51,honest,
alpaca,52,honest,
alpaca,53,honest,
alpaca,54,honest,
alpaca,55,honest,
alpaca,56,honest,
alpaca,57,honest,
alpaca,58,honest,
alpaca,59,honest,
alpaca,60,honest,
alpaca,61,honest,
alpaca,62,honest,
alpaca,63,honest,
alpaca,64,honest,
alpaca,65,honest,
alpaca,66,honest,
alpaca,67,honest,
alpaca,68,honest,
alpaca,69,honest,
alpaca,70,honest,
alpaca,71,honest,
alpaca,72,honest,
alpaca,73,honest,
alpaca,74,honest,
alpaca,75,honest,
alpaca,76,honest,
alpaca,77,honest,
alpaca,78,honest,
alpaca,79,honest,
alpaca,80,honest,
alpaca,81,honest,
alpaca,82,honest,
alpaca,83,honest,
alpaca,84,honest,
alpaca,85,honest,
alpaca,86,honest,
alpaca,87,honest,
alpaca,88,honest,
alpaca,89,honest,
alpaca,90,honest,
alpaca,91,honest,
alpaca,92,honest,
alpaca,93,honest,
alpaca,94,honest,
alpaca,95,honest,
alpaca,96,honest,
alpaca,97,honest,
alpaca,98,honest,
alpaca,99,honest,
alpaca,100,honest,
alpaca,101,honest,
alpaca,102,honest,
alpaca,103,honest,
alpaca,104,honest,
alpaca,105,honest,
alpaca,106,honest,
alpaca,107,honest,
alpaca,108,honest,
alpaca,109,honest,
alpaca,110,honest,
alpaca,111,honest,
alpaca,112,honest,
alpaca,113,honest,
alpaca,114,honest,
alpaca,115,honest,
alpaca,116,honest,
alpaca,117,honest,
alpaca,118,honest,
alpaca,119,honest,
alpaca,120,honest,
alpaca,121,honest,
alpaca,122,honest,
alpaca,123,honest,
alpaca,124,honest,
alpaca,125,honest,
alpaca,126,honest,
alpaca,127,honest,
alpaca,128,honest,
alpaca,129,honest,
alpaca,130,honest,
alpaca,131,honest,
alpaca,132,honest,
alpaca,133,honest,
alpaca,134,honest,
alpaca,135,honest,
alpaca,136,honest,
alpaca,137,honest,
alpaca,138,honest,
alpaca,139,honest,
alpaca,140,honest,
alpaca,141,honest,
alpaca,142,honest,
alpaca,143,honest,
alpaca,144,honest,
alpaca,145,honest,
alpaca,146,honest,
alpaca,147,honest,
alpaca,148,honest,
alpaca,149,honest,
alpaca,150,honest,
alpaca,151,honest,
alpaca,152,honest,
alpaca,153,honest,
alpaca,154,honest,
alpaca,155,honest,
alpaca,156,honest,
alpaca,157,honest,
alpaca,158,honest,
alpaca,159,honest,
alpaca,160,honest,
alpaca,161,honest,
alpaca,162,honest,
alpaca,163,honest,
alpaca,164,honest,
alpaca,165,honest,
alpaca,166,honest,
alpaca,167,honest,
alpaca,168,honest,
alpaca,169,honest,
alpaca,170,honest,
alpaca,171,honest,
alpaca,172,honest,
alpaca,173,honest,
alpaca,174,honest,
alpaca,175,honest,
alpaca,176,honest,
alpaca,177,honest,
alpaca,178,honest,
alpaca,179,honest,
alpaca,180,honest,
alpaca,181,honest,
alpaca,182,honest,
alpaca,183,honest,
alpaca,184,honest,
alpaca,185,honest,
alpaca,186,honest,
alpaca,187,honest,
alpaca,188,honest,
alpaca,189,honest,
alpaca,190,honest,
alpaca,191,honest,
alpaca,192,honest,
alpaca,193,honest,
alpaca,194,honest,
alpaca,195,honest,
alpaca,196,honest,
alpaca,197,honest,
alpaca,198,honest,
alpaca,199,honest,
alpaca,200,honest,
alpaca,201,honest,
alpaca,202,honest,
alpaca,203,honest,
alpaca,204,honest,
alpaca,205,honest,
alpaca,206,honest,
alpaca,207,honest,
alpaca,208,honest,
alpaca,209,honest,
alpaca,210,honest,
alpaca,211,honest,
alpaca,212,honest,
alpaca,213,honest,
alpaca,214,honest,
alpaca,215,honest,
alpaca,216,honest,
alpaca,217,honest,
alpaca,218,honest,
alpaca,219,honest,
alpaca,220,honest,
alpaca,221,honest,
alpaca,222,honest,
alpaca,223,honest,
alpaca,224,honest,
alpaca,225,honest,
alpaca,226,honest,
alpaca,227,honest,
alpaca,228,honest,
alpaca,229,honest,
alpaca,230,honest,
alpaca,231,honest,
alpaca,232,honest,
alpaca,233,honest,
alpaca,234,honest,
alpaca,235,honest,
alpaca,236,honest,
alpaca,237,honest,
alpaca,238,honest,
alpaca,239,honest,
alpaca,240,honest,
alpaca,241,honest,
alpaca,242,honest,
alpaca,243,honest,
alpaca,244,honest,
alpaca,245,honest,
alpaca,246,honest,
alpaca,247,honest,
alpaca,248,honest,
alpaca,249,honest,
alpaca,250,honest,
alpaca,251,honest,
alpaca,252,honest,
alpaca,253,honest,
alpaca,254,honest,
alpaca,255,honest,
alpaca,256,honest,
alpaca,257,honest,
alpaca,258,honest,
alpaca,259,honest,
alpaca,260,honest,
alpaca,261,honest,
alpaca,262,honest,
alpaca,263,honest,
alpaca,264,honest,
alpaca,265,honest,
alpaca,266,honest,
alpaca,267,honest,
alpaca,268,honest,
alpaca,269,honest,
alpaca,270,honest,
alpaca,271,honest,
alpaca,272,honest,
alpaca,273,honest,
alpaca,274,honest,
alpaca,275,honest,
alpaca,276,honest,
alpaca,277,honest,
alpaca,278,honest,
alpaca,279,honest,
alpaca,280,honest,
alpaca,281,honest,
alpaca,282,honest,
alpaca,283,honest,
alpaca,284,honest,
alpaca,285,honest,
alpaca,286,honest,
alpaca,287,honest,
alpaca,288,honest,
alpaca,289,honest,
alpaca,290,honest,
alpaca,291,honest,
alpaca,292,honest,
alpaca,293,honest,
alpaca,294,honest,
alpaca,295,honest,
alpaca,296,honest,
alpaca,297,honest,
alpaca,298,honest,
alpaca,299,honest,
alpaca,300,honest,
alpaca,301,honest,
alpaca,302,honest,
alpaca,303,honest,
alpaca,304,honest,
alpaca,305,honest,
alpaca,306,honest,
alpaca,307,honest,
alpaca,308,honest,
alpaca,309,honest,
alpaca,310,honest,
alpaca,311,honest,
alpaca,312,honest,
alpaca,313,honest,
alpaca,314,honest,
alpaca,315,honest,
alpaca,316,honest,
alpaca,317,honest,
alpaca,318,honest,
alpaca,319,honest,
alpaca,320,honest,
alpaca,321,honest,
alpaca,322,honest,
alpaca,323,honest,
alpaca,324,honest,
alpaca,325,honest,
alpaca,326,honest,
alpaca,327,honest,
alpaca,328,honest,
alpaca,329,honest,
alpaca,330,honest,
alpaca,331,honest,
alpaca,332,honest,
alpaca,333,honest,
alpaca,334,honest,
alpaca,335,honest,
alpaca,336,honest,
alpaca,337,honest,
alpaca,338,honest,
alpaca,339,honest,
alpaca,340,honest,
alpaca,341,honest,
alpaca,342,honest,
alpaca,343,honest,
alpaca,344,honest,
alpaca,345,honest,
alpaca,346,honest,
alpaca,347,honest,
alpaca,348,honest,
alpaca,349,honest,
alpaca,350,honest,
alpaca,351,honest,
alpaca,352,honest,
alpaca,353,honest,
alpaca,354,honest,
alpaca,355,honest,
alpaca,356,honest,
alpaca,357,honest,
alpaca,358,honest,
alpaca,359,honest,
alpaca,360,honest,
alpaca,361,honest,
alpaca,362,honest,
alpaca,363,honest,
alpaca,364,honest,
alpaca,365,honest,
alpaca,366,honest,
alpaca,367,honest,
alpaca,368,honest,
alpaca,369,honest,
alpaca,370,honest,
alpaca,371,honest,
alpaca,372,honest,
alpaca,373,honest,
alpaca,374,honest,
alpaca,375,honest,
alpaca,376,honest,
alpaca,377,honest,
alpaca,378,honest,
alpaca,379,honest,
alpaca,380,honest,
alpaca,381,honest,
alpaca,382,honest,
alpaca,383,honest,
alpaca,384,honest,
alpaca,385,honest,
alpaca,386,honest,
alpaca,387,honest,
alpaca,388,honest,
alpaca,389,honest,
alpaca,390,honest,
alpaca,391,honest,
alpaca,392,honest,
alpaca,393,honest,
alpaca,394,honest,
alpaca,395,honest,
alpaca,396,honest,
alpaca,397,honest,
alpaca,398,honest,
alpaca,399,honest,
alpaca,400,honest,
alpaca,401,honest,
alpaca,402,honest,
alpaca,403,honest,
alpaca,404,honest,
alpaca,405,honest,
alpaca,406,honest,
alpaca,407,honest,
alpaca,408,honest,
alpaca,409,honest,
alpaca,410,honest,
alpaca,411,honest,
alpaca,412,honest,
alpaca,413,honest,
alpaca,414,honest,
alpaca,415,honest,
alpaca,416,honest,
alpaca,417,honest,
alpaca,418,honest,
alpaca,419,honest,
alpaca,420,honest,
alpaca,421,honest,
alpaca,422,honest,
alpaca,423,honest,
alpaca,424,honest,
alpaca,425,honest,
alpaca,426,honest,
alpaca,427,honest,
alpaca,428,honest,
alpaca,429,honest,
alpaca,430,honest,
alpaca,431,honest,
alpaca,432,honest,
alpaca,433,honest,
alpaca,434,honest,
alpaca,435,honest,
alpaca,436,honest,
alpaca,437,honest,
alpaca,438,honest,
alpaca,439,honest,
alpaca,440,honest,
alpaca,441,honest,
alpaca,442,honest,
alpaca,443,honest,
alpaca,444,honest,
alpaca,445,honest,
alpaca,446,honest,
alpaca,447,honest,
alpaca,448,honest,
alpaca,449,honest,
alpaca,450,honest,
alpaca,451,honest,
alpaca,452,honest,
alpaca,453,honest,
alpaca,454,honest,
alpaca,455,honest,
alpaca,456,honest,
alpaca,457,honest,
alpaca,458,honest,
alpaca,459,honest,
alpaca,460,honest,
alpaca,461,honest,
alpaca,462,honest,
alpaca,463,honest,
alpaca,464,honest,
alpaca,465,honest,
alpaca,466,honest,
alpaca,467,honest,
alpaca,468,honest,
alpaca,469,honest,
alpaca,470,honest,
alpaca,471,honest,
alpaca,472,honest,
alpaca,473,honest,
alpaca,474,honest,
alpaca,475,honest,
alpaca,476,honest,
alpaca,477,honest,
alpaca,478,honest,
alpaca,479,honest,
alpaca,480,honest,
alpaca,481,honest,
alpaca,482,honest,
alpaca,483,honest,
alpaca,484,honest,
alpaca,485,honest,
alpaca,486,honest,
alpaca,487,honest,
alpaca,488,honest,
alpaca,489,honest,
alpaca,490,honest,
alpaca,491,honest,
alpaca,492,honest,
alpaca,493,honest,
alpaca,494,honest,
alpaca,495,honest,
alpaca,496,honest,
alpaca,497,honest,
alpaca,498,honest,
alpaca,499,honest,
alpaca,500,honest,
alpaca,501,honest,
alpaca,502,honest,
alpaca,503,honest,
alpaca,504,honest,
alpaca,505,honest,
alpaca,506,honest,
alpaca,507,honest,
alpaca,508,honest,
alpaca,509,honest,
alpaca,510,honest,
alpaca,511,honest,
alpaca,512,honest,
alpaca,513,honest,
alpaca,514,honest,
alpaca,515,honest,
alpaca,516,honest,
alpaca,517,honest,
alpaca,518,honest,
alpaca,519,honest,
alpaca,520,honest,
alpaca,521,honest,
alpaca,522,honest,
alpaca,523,honest,
alpaca,524,honest,
alpaca,525,honest,
alpaca,526,honest,
alpaca,527,honest,
alpaca,528,honest,
alpaca,529,honest,
alpaca,530,honest,
alpaca,531,honest,
alpaca,532,honest,
alpaca,533,honest,
alpaca,534,honest,
alpaca,535,honest,
alpaca,536,honest,
alpaca,537,honest,
alpaca,538,honest,
alpaca,539,honest,
alpaca,540,honest,
alpaca,541,honest,
alpaca,542,honest,
alpaca,543,honest,
alpaca,544,honest,
alpaca,545,honest,
alpaca,546,honest,
alpaca,547,honest,
alpaca,548,honest,
alpaca,549,honest,
alpaca,550,honest,
alpaca,551,honest,
alpaca,552,honest,
alpaca,553,honest,
alpaca,554,honest,
alpaca,555,honest,
alpaca,556,honest,
alpaca,557,honest,
alpaca,558,honest,
alpaca,559,honest,
alpaca,560,honest,
alpaca,561,honest,
alpaca,562,honest,
alpaca,563,honest,
alpaca,564,honest,
alpaca,565,honest,
alpaca,566,honest,
alpaca,567,honest,
alpaca,568,honest,
alpaca,569,honest,
alpaca,570,honest,
alpaca,571,honest,
alpaca,572,honest,
alpaca,573,honest,
alpaca,574,honest,
alpaca,575,honest,
alpaca,576,honest,
alpaca,577,honest,
alpaca,578,honest,
alpaca,579,honest,
alpaca,580,honest,
alpaca,581,honest,
alpaca,582,honest,
alpaca,583,honest,
alpaca,584,honest,
alpaca,585,honest,
alpaca,586,honest,
alpaca,587,honest,
alpaca,588,honest,
alpaca,589,honest,
alpaca,590,honest,
alpaca,591,honest,
alpaca,592,honest,
alpaca,593,honest,
alpaca,594,honest,
alpaca,595,honest,
alpaca,596,honest,
alpaca,597,honest,
alpaca,598,honest,
alpaca,599,honest,
alpaca,600,honest,
alpaca,601,honest,
alpaca,602,honest,
alpaca,603,honest,
alpaca,604,honest,
alpaca,605,honest,
alpaca,606,honest,
alpaca,607,honest,
alpaca,608,honest,
alpaca,609,honest,
alpaca,610,honest,
alpaca,611,honest,
alpaca,612,honest,
alpaca,613,honest,
alpaca,614,honest,
alpaca,615,honest,
alpaca,616,honest,
alpaca,617,honest,
alpaca,618,honest,
alpaca,619,honest,
alpaca,620,honest,
alpaca,621,honest,
alpaca,622,honest,
alpaca,623,honest,
alpaca,624,honest,
alpaca,625,honest,
alpaca,626,honest,
alpaca,627,honest,
alpaca,628,honest,
alpaca,629,honest,
alpaca,630,honest,
alpaca,631,honest,
alpaca,632,honest,
alpaca,633,honest,
alpaca,634,honest,
alpaca,635,honest,
alpaca,636,honest,
alpaca,637,honest,
alpaca,638,honest,
alpaca,639,honest,
alpaca,640,honest,
alpaca,641,honest,
alpaca,642,honest,
alpaca,643,honest,
alpaca,644,honest,
alpaca,645,honest,
alpaca,646,honest,
alpaca,647,honest,
alpaca,648,honest,
alpaca,649,honest,
alpaca,650,honest,
alpaca,651,honest,
alpaca,652,honest,
alpaca,653,honest,
alpaca,654,honest,
alpaca,655,honest,
alpaca,656,honest,
alpaca,657,honest,
alpaca,658,honest,
alpaca,659,honest,
alpaca,660,honest,
alpaca,661,honest,
alpaca,662,honest,
alpaca,663,honest,
alpaca,664,honest,
alpaca,665,honest,
alpaca,666,honest,
alpaca,667,honest,
alpaca,668,honest,
alpaca,669,honest,
alpaca,670,honest,
alpaca,671,honest,
alpaca,672,honest,
alpaca,673,honest,
alpaca,674,honest,
alpaca,675,honest,
alpaca,676,honest,
alpaca,677,honest,
alpaca,678,honest,
alpaca,679,honest,
alpaca,680,honest,
alpaca,681,honest,
alpaca,682,honest,
alpaca,683,honest,
alpaca,684,honest,
alpaca,685,honest,
alpaca,686,honest,
alpaca,687,honest,
alpaca,688,honest,
alpaca,689,honest,
alpaca,690,honest,
alpaca,691,honest,
alpaca,692,honest,
alpaca,693,honest,
alpaca,694,honest,
alpaca,695,honest,
alpaca,696,honest,
alpaca,697,honest,
alpaca,698,honest,
alpaca,699,honest,
alpaca,700,honest,
alpaca,701,honest,
alpaca,702,honest,
alpaca,703,honest,
alpaca,704,honest,
alpaca,705,honest,
alpaca,706,honest,
alpaca,707,honest,
alpaca,708,honest,
alpaca,709,honest,
alpaca,710,honest,
alpaca,711,honest,
alpaca,712,honest,
alpaca,713,honest,
alpaca,714,honest,
alpaca,715,honest,
alpaca,716,honest,
alpaca,717,honest,
alpaca,718,honest,
alpaca,719,honest,
alpaca,720,honest,
alpaca,721,honest,
alpaca,722,honest,
alpaca,723,honest,
alpaca,724,honest,
alpaca,725,honest,
alpaca,726,honest,
alpaca,727,honest,
alpaca,728,honest,
alpaca,729,honest,
alpaca,730,honest,
alpaca,731,honest,
alpaca,732,honest,
alpaca,733,honest,
alpaca,734,honest,
alpaca,735,honest,
alpaca,736,honest,
alpaca,737,honest,
alpaca,738,honest,
alpaca,739,honest,
alpaca,740,honest,
alpaca,741,honest,
alpaca,742,honest,
alpaca,743,honest,
alpaca,744,honest,
alpaca,745,honest,
alpaca,746,honest,
alpaca,747,honest,
alpaca,748,honest,
alpaca,749,honest,
alpaca,750,honest,
alpaca,751,honest,
alpaca,752,honest,
alpaca,753,honest,
alpaca,754,honest,
alpaca,755,honest,
alpaca,756,honest,
alpaca,757,honest,
alpaca,758,honest,
alpaca,759,honest,
alpaca,760,honest,
alpaca,761,honest,
alpaca,762,honest,
alpaca,763,honest,
alpaca,764,honest,
alpaca,765,honest,
alpaca,766,honest,
alpaca,767,honest,
alpaca,768,honest,
alpaca,769,honest,
alpaca,770,honest,
alpaca,771,honest,
alpaca,772,honest,
alpaca,773,honest,
alpaca,774,honest,
alpaca,775,honest,
alpaca,776,honest,
alpaca,777,honest,
alpaca,778,honest,
alpaca,779,honest,
alpaca,780,honest,
alpaca,781,honest,
alpaca,782,honest,
alpaca,783,honest,
alpaca,784,honest,
alpaca,785,honest,
alpaca,786,honest,
alpaca,787,honest,
alpaca,788,honest,
alpaca,789,honest,
alpaca,790,honest,
alpaca,791,honest,
alpaca,792,honest,
alpaca,793,honest,
alpaca,794,honest,
alpaca,795,honest,
alpaca,796,honest,
alpaca,797,honest,
alpaca,798,honest,
alpaca,799,honest,
alpaca,800,honest,
alpaca,801,honest,
alpaca,802,honest,
alpaca,803,honest,
alpaca,804,honest,
alpaca,805,honest,
alpaca,806,honest,
alpaca,807,honest,
alpaca,808,honest,
alpaca,809,honest,
alpaca,810,honest,
alpaca,811,honest,
alpaca,812,honest,
alpaca,813,honest,
alpaca,814,honest,
alpaca,815,honest,
alpaca,816,honest,
alpaca,817,honest,
alpaca,818,honest,
alpaca,819,honest,
alpaca,820,honest,
alpaca,821,honest,
alpaca,822,honest,
alpaca,823,honest,
alpaca,824,honest,
alpaca,825,honest,
alpaca,826,honest,
alpaca,827,honest,
alpaca,828,honest,
alpaca,829,honest,
alpaca,830,honest,
alpaca,831,honest,
alpaca,832,honest,
alpaca,833,honest,
alpaca,834,honest,
alpaca,835,honest,
alpaca,836,honest,
alpaca,837,honest,
alpaca,838,honest,
alpaca,839,honest,
alpaca,840,honest,
alpaca,841,honest,
alpaca,842,honest,
alpaca,843,honest,
alpaca,844,honest,
alpaca,845,honest,
alpaca,846,honest,
alpaca,847,honest,
alpaca,848,honest,
alpaca,849,honest,
alpaca,850,honest,
alpaca,851,honest,
alpaca,852,honest,
alpaca,853,honest,
alpaca,854,honest,
alpaca,855,honest,
alpaca,856,honest,
alpaca,857,honest,
alpaca,858,honest,
alpaca,859,honest,
alpaca,860,honest,
alpaca,861,honest,
alpaca,862,honest,
alpaca,863,honest,
alpaca,864,honest,
alpaca,865,honest,
alpaca,866,honest,
alpaca,867,honest,
alpaca,868,honest,
alpaca,869,honest,
alpaca,870,honest,
alpaca,871,honest,
alpaca,872,honest,
alpaca,873,honest,
alpaca,874,honest,
alpaca,875,honest,
alpaca,876,honest,
alpaca,877,honest,
alpaca,878,honest,
alpaca,879,honest,
alpaca,880,honest,
alpaca,881,honest,
alpaca,882,honest,
alpaca,883,honest,
alpaca,884,honest,
alpaca,885,honest,
alpaca,886,honest,
alpaca,887,honest,
alpaca,888,honest,
alpaca,889,honest,
alpaca,890,honest,
alpaca,891,honest,
alpaca,892,honest,
alpaca,893,honest,
alpaca,894,honest,
alpaca,895,honest,
alpaca,896,honest,
alpaca,897,honest,
alpaca,898,honest,
alpaca,899,honest,
alpaca,900,honest,
alpaca,901,honest,
alpaca,902,honest,
alpaca,903,honest,
alpaca,904,honest,
alpaca,905,honest,
alpaca,906,honest,
alpaca,907,honest,
alpaca,908,honest,
alpaca,909,honest,
alpaca,910,honest,
alpaca,911,honest,
alpaca,912,honest,
alpaca,913,honest,
alpaca,914,honest,
alpaca,915,honest,
alpaca,916,honest,
alpaca,917,honest,
alpaca,918,honest,
alpaca,919,honest,
alpaca,920,honest,
alpaca,921,honest,
alpaca,922,honest,
alpaca,923,honest,
alpaca,924,honest,
alpaca,925,honest,
alpaca,926,honest,
alpaca,927,honest,
alpaca,928,honest,
alpaca,929,honest,
alpaca,930,honest,
alpaca,931,honest,
alpaca,932,honest,
alpaca,933,honest,
alpaca,934,honest,
alpaca,935,honest,
alpaca,936,honest,
alpaca,937,honest,
alpaca,938,honest,
alpaca,939,honest,
alpaca,940,honest,
alpaca,941,honest,
alpaca,942,honest,
alpaca,943,honest,
alpaca,944,honest,
alpaca,945,honest,
alpaca,946,honest,
alpaca,947,honest,
alpaca,948,honest,
alpaca,949,honest,
alpaca,950,honest,
alpaca,951,honest,
alpaca,952,honest,
alpaca,953,honest,
alpaca,954,honest,
alpaca,955,honest,
alpaca,956,honest,
alpaca,957,honest,
alpaca,958,honest,
alpaca,959,honest,
alpaca,960,honest,
alpaca,961,honest,
alpaca,962,honest,
alpaca,963,honest,
alpaca,964,honest,
alpaca,965,honest,
alpaca,966,honest,
alpaca,967,honest,
alpaca,968,honest,
alpaca,969,honest,
alpaca,970,honest,
alpaca,971,honest,
alpaca,972,honest,
alpaca,973,honest,
alpaca,974,honest,
alpaca,975,honest,
alpaca,976,honest,
alpaca,977,honest,
alpaca,978,honest,
alpaca,979,honest,
alpaca,980,honest,
alpaca,981,honest,
alpaca,982,honest,
alpaca,983,honest,
alpaca,984,honest,
alpaca,985,honest,
alpaca,986,honest,
alpaca,987,honest,
alpaca,988,honest,
alpaca,989,honest,
alpaca,990,honest,
alpaca,991,honest,
alpaca,992,honest,
alpaca,993,honest,
alpaca,994,honest,
alpaca,995,honest,
alpaca,996,honest,
alpaca,997,honest,
alpaca,998,honest,
alpaca,999,honest,
alpaca,1000,honest,
